{"errors":[],"warnings":[],"namedChunkGroups":{"app":{"chunks":[4,1],"assets":["webpack-runtime-bc45e8de91274f5d5ea5.js","webpack-runtime-bc45e8de91274f5d5ea5.js.map","app-58b432225675fa2e367f.js","app-58b432225675fa2e367f.js.map"],"children":{},"childAssets":{}},"component---src-pages-404-js":{"chunks":[0,2],"assets":["0-198af20bfe2f48337da1.js","0-198af20bfe2f48337da1.js.map","component---src-pages-404-js.b062a4a510f738a2aba8.css","component---src-pages-404-js-8e05cd7b27cd29c4c726.js","component---src-pages-404-js-8e05cd7b27cd29c4c726.js.map"],"children":{},"childAssets":{}},"component---src-pages-index-js":{"chunks":[0,3],"assets":["0-198af20bfe2f48337da1.js","0-198af20bfe2f48337da1.js.map","component---src-pages-index-js.b062a4a510f738a2aba8.css","component---src-pages-index-js-3b485b92c87db0da15db.js","component---src-pages-index-js-3b485b92c87db0da15db.js.map"],"children":{},"childAssets":{}}},"assetsByChunkName":{"app":["webpack-runtime-bc45e8de91274f5d5ea5.js","app-58b432225675fa2e367f.js"],"component---src-pages-404-js":["0-198af20bfe2f48337da1.js","component---src-pages-404-js.b062a4a510f738a2aba8.css","component---src-pages-404-js-8e05cd7b27cd29c4c726.js"],"component---src-pages-index-js":["0-198af20bfe2f48337da1.js","component---src-pages-index-js.b062a4a510f738a2aba8.css","component---src-pages-index-js-3b485b92c87db0da15db.js"]}}